station,latitude,longitude,start,tripdurationS,end,tripdurationE,month
Grove St PATH,40.71958612,-74.04311746,3100,269,3548,266,Jan
Sip Ave,40.7308971,-74.06391263,1493,386,1310,362,Jan
Newport Pkwy,40.7287448,-74.0321082,641,509,661,492,Jan
Columbus Dr at Exchange Pl,40.71687,-74.03281,1152,296,1155,307,Jan
City Hall,40.7177325,-74.043845,745,349,781,374,Jan
Columbus Drive,40.7183552,-74.03891444,556,280,606,284,Jan
Harborside,40.7192517,-74.034234,1091,323,1093,321,Jan
Marin Light Rail,40.71458404,-74.04281706,904,271.5,848,315,Jan
Newport PATH,40.7272235,-74.0337589,989,382,953,370,Jan
Newark Ave,40.72152515,-74.04630454,720,260,717,281,Jan
Van Vorst Park,40.71848892,-74.04772663,528,311.5,461,291,Jan
Journal Square,40.73367,-74.0625,393,399,325,356,Jan
Warren St,40.7211236,-74.03805095,628,295,681,285,Jan
Hamilton Park,40.72759597,-74.04424731,1327,301,1342,309,Jan
Oakland Ave,40.7376037,-74.0524783,240,411,176,399.5,Jan
Fairmount Ave,40.72572614,-74.07195926,253,381,215,370,Jan
McGinley Square,40.72533993,-74.06762213,538,237.5,400,244.5,Jan
Hilltop,40.7311689,-74.0575736,150,457,113,427,Jan
Baldwin at Montgomery,40.7236589,-74.0641943,236,548,233,439,Jan
5 Corners Library,40.73496102,-74.05950308,127,399,100,564.5,Jan
Riverview Park,40.7443187,-74.0439909,118,719,102,362,Jan
Jersey & 3rd,40.72333159,-74.04595256,616,197,594,201,Jan
Brunswick & 6th,40.72601173,-74.05038893,776,326,651,331,Jan
Washington St,40.7242941,-74.0354826,575,327,614,347.5,Jan
Monmouth and 6th,40.72568548,-74.04879034,613,297,604,283.5,Jan
Manila & 1st,40.72165072,-74.04288411,632,254.5,666,261.5,Jan
Dixon Mills,40.72163014,-74.04996783,511,198,515,216,Jan
Jersey & 6th St,40.72528911,-74.04557168,584,240.5,483,262,Jan
JC Medical Center,40.71653978,-74.04963791,398,302.5,401,330,Jan
Brunswick St,40.7241765,-74.0506564,529,294,528,290,Jan
Morris Canal,40.71241882,-74.03852552,542,309,525,306,Jan
Christ Hospital,40.73478582,-74.05044364,147,458,124,519.5,Jan
Paulus Hook,40.7141454,-74.0335519,493,374,500,380.5,Jan
Grand St,40.71517768,-74.03768331,359,265,405,338,Jan
Bergen Ave,40.72210379,-74.071455,275,374,283,361,Jan
Montgomery St,40.71942,-74.05099,259,410,245,323,Jan
Astor Place,40.7192822,-74.07126188,317,445,338,429,Jan
Essex Light Rail,40.7127742,-74.0364857,398,322.5,472,371.5,Jan
Hoboken Ave at Monmouth St,40.73520838,-74.04696375,150,533.5,189,514,Jan
York St,40.71649,-74.04105,192,242,245,318,Jan
Lincoln Park,40.7246051,-74.07840595,159,531,218,509.5,Jan
Glenwood Ave,40.72755147,-74.07106072,102,403,88,304,Jan
Lafayette Park,40.71346383,-74.06285852,212,563,201,586,Jan
Leonard Gordon Park,40.74590997,-74.05727148,89,546,77,526,Jan
Pershing Field,40.74267714,-74.05178863,235,558,247,509,Jan
Dey St,40.737711,-74.066921,94,293,130,234.5,Jan
Jackson Square,40.71113,-74.0789,76,999.5,61,781,Jan
Liberty Light Rail,40.7112423,-74.0557013,474,548.5,509,607,Jan
Heights Elevator,40.74871595,-74.0404433,140,757.5,107,1003,Jan
Communipaw & Berry Lane,40.71435837,-74.06661093,91,742,106,589.5,Jan
Union St,40.7182113,-74.0836394,53,836,63,685,Jan
Newport Pkwy,40.7287448,-74.0321082,657,463,659,461,Feb
Manila & 1st,40.72165072,-74.04288411,517,247,565,266,Feb
City Hall,40.7177325,-74.043845,683,383,708,388,Feb
Liberty Light Rail,40.7112423,-74.0557013,461,583,485,622,Feb
Newport PATH,40.7272235,-74.0337589,978,373.5,964,346,Feb
Dey St,40.737711,-74.066921,114,330.5,132,255.5,Feb
Warren St,40.7211236,-74.03805095,487,289,556,308.5,Feb
Hamilton Park,40.72759597,-74.04424731,1202,303,1051,309,Feb
Van Vorst Park,40.71848892,-74.04772663,432,283,398,319,Feb
Washington St,40.7242941,-74.0354826,489,329,499,347,Feb
Harborside,40.7192517,-74.034234,1058,298,1087,323,Feb
Baldwin at Montgomery,40.7236589,-74.0641943,257,494,220,511,Feb
Columbus Drive,40.7183552,-74.03891444,500,285,522,305,Feb
Jersey & 6th St,40.72528911,-74.04557168,516,221,391,254,Feb
Grand St,40.71517768,-74.03768331,315,289,354,327.5,Feb
Newark Ave,40.72152515,-74.04630454,631,263,648,266,Feb
Marin Light Rail,40.71458404,-74.04281706,746,286,716,322,Feb
Oakland Ave,40.7376037,-74.0524783,224,360.5,156,384,Feb
Monmouth and 6th,40.72568548,-74.04879034,521,294,441,284,Feb
Fairmount Ave,40.72572614,-74.07195926,244,381,201,380,Feb
McGinley Square,40.72533993,-74.06762213,531,255,389,251,Feb
Lincoln Park,40.7246051,-74.07840595,134,544,150,525.5,Feb
Brunswick St,40.7241765,-74.0506564,508,282.5,459,304,Feb
Lafayette Park,40.71346383,-74.06285852,194,592,209,640,Feb
Brunswick & 6th,40.72601173,-74.05038893,654,318,494,324,Feb
Sip Ave,40.7308971,-74.06391263,1402,393,1342,361,Feb
York St,40.71649,-74.04105,204,266,223,321,Feb
JC Medical Center,40.71653978,-74.04963791,317,330,326,368.5,Feb
Riverview Park,40.7443187,-74.0439909,99,758,74,657,Feb
Christ Hospital,40.73478582,-74.05044364,153,436,109,478,Feb
Pershing Field,40.74267714,-74.05178863,209,492,181,514,Feb
Union St,40.7182113,-74.0836394,59,758,83,699,Feb
Astor Place,40.7192822,-74.07126188,279,431,285,414,Feb
Jersey & 3rd,40.72333159,-74.04595256,526,202,528,219.5,Feb
Dixon Mills,40.72163014,-74.04996783,464,204.5,404,220,Feb
Bergen Ave,40.72210379,-74.071455,274,381.5,240,366,Feb
Essex Light Rail,40.7127742,-74.0364857,300,325,322,366.5,Feb
Grove St PATH,40.71958612,-74.04311746,2328,276.5,3109,261,Feb
Leonard Gordon Park,40.74590997,-74.05727148,77,503,71,547,Feb
Montgomery St,40.71942,-74.05099,227,369,224,378,Feb
Morris Canal,40.71241882,-74.03852552,494,299,479,322,Feb
Hoboken Ave at Monmouth St,40.73520838,-74.04696375,146,497.5,171,472,Feb
Hilltop,40.7311689,-74.0575736,142,479,105,514,Feb
Paulus Hook,40.7141454,-74.0335519,440,370.5,442,358.5,Feb
Journal Square,40.73367,-74.0625,370,378,362,362.5,Feb
Columbus Dr at Exchange Pl,40.71687,-74.03281,922,300,1003,300,Feb
Jackson Square,40.71113,-74.0789,100,843,76,711,Feb
5 Corners Library,40.73496102,-74.05950308,109,407,94,666.5,Feb
Heights Elevator,40.74871595,-74.0404433,99,806,80,1002.5,Feb
Communipaw & Berry Lane,40.71435837,-74.06661093,49,671,57,550,Feb
Glenwood Ave,40.72755147,-74.07106072,120,432.5,112,313,Feb
Newport PATH,40.7272235,-74.0337589,699,430,674,445,Mar
City Hall,40.7177325,-74.043845,510,409,566,424,Mar
Jersey & 3rd,40.72333159,-74.04595256,452,234.5,456,263,Mar
McGinley Square,40.72533993,-74.06762213,365,253,310,287,Mar
Baldwin at Montgomery,40.7236589,-74.0641943,225,521,216,553.5,Mar
Essex Light Rail,40.7127742,-74.0364857,227,468,235,414,Mar
Manila & 1st,40.72165072,-74.04288411,363,264,377,269,Mar
Columbus Drive,40.7183552,-74.03891444,395,357,410,352.5,Mar
Fairmount Ave,40.72572614,-74.07195926,198,513,155,451,Mar
Brunswick St,40.7241765,-74.0506564,321,328,287,319,Mar
Morris Canal,40.71241882,-74.03852552,436,544,446,540,Mar
Marin Light Rail,40.71458404,-74.04281706,740,474,694,542,Mar
Columbus Dr at Exchange Pl,40.71687,-74.03281,633,358,673,387,Mar
Newark Ave,40.72152515,-74.04630454,469,312,516,324,Mar
Hamilton Park,40.72759597,-74.04424731,910,357.5,871,368,Mar
Brunswick & 6th,40.72601173,-74.05038893,412,317,340,342,Mar
Astor Place,40.7192822,-74.07126188,196,435.5,210,426,Mar
JC Medical Center,40.71653978,-74.04963791,381,683,382,717,Mar
Harborside,40.7192517,-74.034234,858,400,836,382,Mar
Sip Ave,40.7308971,-74.06391263,888,391,801,349,Mar
Washington St,40.7242941,-74.0354826,382,433.5,381,513,Mar
Riverview Park,40.7443187,-74.0439909,95,871,89,944,Mar
Monmouth and 6th,40.72568548,-74.04879034,294,307.5,271,283,Mar
Glenwood Ave,40.72755147,-74.07106072,120,891.5,94,843.5,Mar
Van Vorst Park,40.71848892,-74.04772663,372,389,370,505,Mar
Grand St,40.71517768,-74.03768331,239,366,240,417.5,Mar
Newport Pkwy,40.7287448,-74.0321082,641,693,693,711,Mar
Warren St,40.7211236,-74.03805095,434,368.5,426,391,Mar
5 Corners Library,40.73496102,-74.05950308,84,559.5,77,756,Mar
Liberty Light Rail,40.7112423,-74.0557013,676,1004.5,685,1480,Mar
Grove St PATH,40.71958612,-74.04311746,1335,286,1643,271,Mar
Montgomery St,40.71942,-74.05099,256,522,268,489,Mar
Oakland Ave,40.7376037,-74.0524783,133,378,105,487,Mar
Dixon Mills,40.72163014,-74.04996783,324,227.5,302,267,Mar
Hilltop,40.7311689,-74.0575736,172,599.5,126,670,Mar
Lafayette Park,40.71346383,-74.06285852,141,610,142,650.5,Mar
Christ Hospital,40.73478582,-74.05044364,101,496,85,632,Mar
Pershing Field,40.74267714,-74.05178863,185,628,181,656,Mar
Jackson Square,40.71113,-74.0789,64,976,63,774,Mar
Lincoln Park,40.7246051,-74.07840595,172,998,215,924,Mar
Dey St,40.737711,-74.066921,75,635,76,394.5,Mar
Hoboken Ave at Monmouth St,40.73520838,-74.04696375,138,620.5,155,530,Mar
Paulus Hook,40.7141454,-74.0335519,401,513,412,501,Mar
Journal Square,40.73367,-74.0625,232,439,203,397,Mar
Communipaw & Berry Lane,40.71435837,-74.06661093,64,795.5,66,687,Mar
Jersey & 6th St,40.72528911,-74.04557168,308,242,280,269.5,Mar
Heights Elevator,40.74871595,-74.0404433,98,1008,89,1269,Mar
Union St,40.7182113,-74.0836394,85,777,89,682,Mar
Bergen Ave,40.72210379,-74.071455,209,366,212,363,Mar
Leonard Gordon Park,40.74590997,-74.05727148,71,778,60,830,Mar
York St,40.71649,-74.04105,140,345.5,161,452,Mar
Fairmount Ave,40.72572614,-74.07195926,124,745,121,723,Apr
Oakland Ave,40.7376037,-74.0524783,90,572,66,579,Apr
Sip Ave,40.7308971,-74.06391263,525,450,479,399,Apr
Lincoln Park,40.7246051,-74.07840595,95,972,105,1326,Apr
Newark Ave,40.72152515,-74.04630454,205,440,220,478,Apr
Morris Canal,40.71241882,-74.03852552,322,1379.5,337,1379,Apr
Paulus Hook,40.7141454,-74.0335519,277,1205,277,1215,Apr
Hamilton Park,40.72759597,-74.04424731,348,648,367,680,Apr
Monmouth and 6th,40.72568548,-74.04879034,147,618,135,595,Apr
Bergen Ave,40.72210379,-74.071455,231,376,227,355,Apr
Pershing Field,40.74267714,-74.05178863,159,1107,152,1363,Apr
Harborside,40.7192517,-74.034234,370,990,353,837,Apr
City Hall,40.7177325,-74.043845,225,811,245,800,Apr
Glenwood Ave,40.72755147,-74.07106072,78,1150,77,1267,Apr
Hilltop,40.7311689,-74.0575736,136,717.5,110,685,Apr
Marin Light Rail,40.71458404,-74.04281706,416,1237.5,404,990.5,Apr
Christ Hospital,40.73478582,-74.05044364,96,513.5,62,722.5,Apr
Jackson Square,40.71113,-74.0789,63,857,56,1048,Apr
Van Vorst Park,40.71848892,-74.04772663,217,790,225,807,Apr
Liberty Light Rail,40.7112423,-74.0557013,347,1656,360,1688.5,Apr
Essex Light Rail,40.7127742,-74.0364857,128,761,133,750,Apr
Jersey & 6th St,40.72528911,-74.04557168,112,805,120,956,Apr
Grand St,40.71517768,-74.03768331,110,674.5,127,855,Apr
York St,40.71649,-74.04105,90,1144.5,95,747,Apr
Union St,40.7182113,-74.0836394,64,918.5,71,760,Apr
Newport Pkwy,40.7287448,-74.0321082,682,1108.5,663,1251,Apr
Grove St PATH,40.71958612,-74.04311746,328,433,424,516.5,Apr
Baldwin at Montgomery,40.7236589,-74.0641943,172,611.5,162,707.5,Apr
Hoboken Ave at Monmouth St,40.73520838,-74.04696375,147,1916,144,1998,Apr
Lafayette Park,40.71346383,-74.06285852,31,626,38,824.5,Apr
Brunswick & 6th,40.72601173,-74.05038893,125,705,134,767.5,Apr
Columbus Dr at Exchange Pl,40.71687,-74.03281,240,1000.5,246,921,Apr
JC Medical Center,40.71653978,-74.04963791,258,880,254,910,Apr
Warren St,40.7211236,-74.03805095,239,780,240,762.5,Apr
Dey St,40.737711,-74.066921,62,1336.5,50,1253.5,Apr
Columbus Drive,40.7183552,-74.03891444,244,897,235,895,Apr
Dixon Mills,40.72163014,-74.04996783,122,536.5,117,520,Apr
Manila & 1st,40.72165072,-74.04288411,112,542.5,124,686.5,Apr
Jersey & 3rd,40.72333159,-74.04595256,114,441.5,116,457.5,Apr
Brunswick St,40.7241765,-74.0506564,112,1351,115,955,Apr
Montgomery St,40.71942,-74.05099,176,680,188,526.5,Apr
McGinley Square,40.72533993,-74.06762213,214,384.5,175,534,Apr
Newport PATH,40.7272235,-74.0337589,263,853,261,787,Apr
Washington St,40.7242941,-74.0354826,248,1207.5,242,1406,Apr
Riverview Park,40.7443187,-74.0439909,54,1309.5,53,1437,Apr
Astor Place,40.7192822,-74.07126188,100,488.5,105,457,Apr
Heights Elevator,40.74871595,-74.0404433,80,1747,90,2013.5,Apr
Journal Square,40.73367,-74.0625,76,450,57,346,Apr
Leonard Gordon Park,40.74590997,-74.05727148,21,914,22,1260,Apr
5 Corners Library,40.73496102,-74.05950308,35,475,28,655,Apr
Communipaw & Berry Lane,40.71435837,-74.06661093,38,1267.5,60,780.5,Apr
Sip Ave,40.7308971,-74.06391263,597,555,582,404.5,May
Columbus Dr at Exchange Pl,40.71687,-74.03281,910,1266,926,1342,May
Montgomery St,40.71942,-74.05099,320,774.5,325,620,May
Monmouth and 6th,40.72568548,-74.04879034,264,1010.5,262,564.5,May
McGinley Square,40.72533993,-74.06762213,301,671,257,865,May
Brunswick St,40.7241765,-74.0506564,320,1006,293,1137,May
Fairmount Ave,40.72572614,-74.07195926,213,737,195,573,May
Dixon Mills,40.72163014,-74.04996783,300,780,295,582,May
Morris Canal,40.71241882,-74.03852552,752,1572.5,759,1476,May
Newark Ave,40.72152515,-74.04630454,587,799,596,775.5,May
Oakland Ave,40.7376037,-74.0524783,126,693,93,941,May
Hamilton Park,40.72759597,-74.04424731,996,1135.5,1021,876,May
Harborside,40.7192517,-74.034234,937,1323,923,1210,May
Columbus Drive,40.7183552,-74.03891444,541,1179,556,969,May
Bergen Ave,40.72210379,-74.071455,264,417,255,472,May
Grove St PATH,40.71958612,-74.04311746,1061,830,1108,784,May
JC Medical Center,40.71653978,-74.04963791,1068,1555.5,1075,1966,May
Hilltop,40.7311689,-74.0575736,247,983,219,923,May
Marin Light Rail,40.71458404,-74.04281706,1032,1413.5,1027,1459,May
Newport Pkwy,40.7287448,-74.0321082,1729,1547,1742,1550,May
Christ Hospital,40.73478582,-74.05044364,104,667,105,915,May
Jackson Square,40.71113,-74.0789,116,1030.5,119,1179,May
5 Corners Library,40.73496102,-74.05950308,82,1021.5,75,1015,May
Brunswick & 6th,40.72601173,-74.05038893,297,785,289,659,May
Jersey & 6th St,40.72528911,-74.04557168,288,867,286,774,May
Washington St,40.7242941,-74.0354826,684,1432.5,703,1488,May
Glenwood Ave,40.72755147,-74.07106072,129,1108,127,1434,May
Lafayette Park,40.71346383,-74.06285852,264,1487,285,1613,May
Union St,40.7182113,-74.0836394,145,1132,150,1052.5,May
City Hall,40.7177325,-74.043845,808,1079,810,1142.5,May
Essex Light Rail,40.7127742,-74.0364857,274,1111.5,278,926,May
Liberty Light Rail,40.7112423,-74.0557013,2380,2415.5,2415,2272,May
Astor Place,40.7192822,-74.07126188,247,933,241,720,May
Journal Square,40.73367,-74.0625,147,689,118,954.5,May
Lincoln Park,40.7246051,-74.07840595,482,1725,470,1815.5,May
Van Vorst Park,40.71848892,-74.04772663,600,1373.5,603,1582,May
Heights Elevator,40.74871595,-74.0404433,329,1692,328,1816,May
Jersey & 3rd,40.72333159,-74.04595256,382,704.5,385,1071,May
York St,40.71649,-74.04105,285,1351,270,964.5,May
Newport PATH,40.7272235,-74.0337589,688,1176.5,709,1285,May
Manila & 1st,40.72165072,-74.04288411,388,924,387,878,May
Dey St,40.737711,-74.066921,140,1063.5,120,1021,May
Hoboken Ave at Monmouth St,40.73520838,-74.04696375,452,1668,461,1783,May
Baldwin at Montgomery,40.7236589,-74.0641943,312,859.5,313,982,May
Warren St,40.7211236,-74.03805095,657,1078,673,1009,May
Communipaw & Berry Lane,40.71435837,-74.06661093,239,1670,244,1699,May
Grand St,40.71517768,-74.03768331,429,1326,421,1380,May
Paulus Hook,40.7141454,-74.0335519,693,1571,710,1528,May
Pershing Field,40.74267714,-74.05178863,237,1308,234,1639.5,May
Riverview Park,40.7443187,-74.0439909,163,1689,161,1616,May
Leonard Gordon Park,40.74590997,-74.05727148,71,1833,65,1447,May
Columbus Dr at Exchange Pl,40.71687,-74.03281,1589,1376,1607,1407,Jun
Heights Elevator,40.74871595,-74.0404433,508,1736,493,1939,Jun
Columbus Drive,40.7183552,-74.03891444,796,859.5,793,829,Jun
Morris Canal,40.71241882,-74.03852552,1006,1254.5,1010,1110,Jun
Harborside,40.7192517,-74.034234,1481,1121,1494,947,Jun
Grove St PATH,40.71958612,-74.04311746,1819,618,2073,603,Jun
York St,40.71649,-74.04105,377,1105,379,883,Jun
Sip Ave,40.7308971,-74.06391263,1025,557,938,463.5,Jun
Hilltop,40.7311689,-74.0575736,457,728,357,957,Jun
Oakland Ave,40.7376037,-74.0524783,195,705,150,782.5,Jun
Lincoln Park,40.7246051,-74.07840595,888,1690.5,921,1738,Jun
Glenwood Ave,40.72755147,-74.07106072,240,911,217,1280,Jun
Hamilton Park,40.72759597,-74.04424731,1694,975,1734,840.5,Jun
Newport Pkwy,40.7287448,-74.0321082,2604,1387,2618,1426.5,Jun
Baldwin at Montgomery,40.7236589,-74.0641943,546,695.5,524,791,Jun
Washington St,40.7242941,-74.0354826,933,1291,933,1336,Jun
Newark Ave,40.72152515,-74.04630454,898,767,914,654.5,Jun
Bergen Ave,40.72210379,-74.071455,310,514,311,449,Jun
Essex Light Rail,40.7127742,-74.0364857,428,1164.5,432,927.5,Jun
Christ Hospital,40.73478582,-74.05044364,171,625,155,888,Jun
Liberty Light Rail,40.7112423,-74.0557013,2589,2327,2621,2249,Jun
Brunswick St,40.7241765,-74.0506564,442,673.5,447,604,Jun
Marin Light Rail,40.71458404,-74.04281706,1459,1013,1490,1054,Jun
Monmouth and 6th,40.72568548,-74.04879034,321,603,320,538,Jun
JC Medical Center,40.71653978,-74.04963791,1223,1085,1237,1415,Jun
Van Vorst Park,40.71848892,-74.04772663,801,977,815,1003,Jun
Jersey & 6th St,40.72528911,-74.04557168,484,610,492,604.5,Jun
McGinley Square,40.72533993,-74.06762213,533,511,389,674,Jun
Paulus Hook,40.7141454,-74.0335519,1141,1503,1138,1522.5,Jun
Astor Place,40.7192822,-74.07126188,373,747,379,724,Jun
Hoboken Ave at Monmouth St,40.73520838,-74.04696375,642,1455.5,640,1647,Jun
City Hall,40.7177325,-74.043845,1061,842,1078,878,Jun
Dey St,40.737711,-74.066921,201,1100,177,852,Jun
Riverview Park,40.7443187,-74.0439909,273,1218,260,1419.5,Jun
Jersey & 3rd,40.72333159,-74.04595256,632,564,633,659,Jun
Pershing Field,40.74267714,-74.05178863,403,1214,375,1313,Jun
Journal Square,40.73367,-74.0625,199,727,171,674,Jun
Union St,40.7182113,-74.0836394,288,1619,289,1582,Jun
Manila & 1st,40.72165072,-74.04288411,521,811,521,779,Jun
Newport PATH,40.7272235,-74.0337589,1143,1020,1138,981,Jun
Warren St,40.7211236,-74.03805095,919,829,917,732,Jun
Dixon Mills,40.72163014,-74.04996783,350,460,365,455,Jun
Montgomery St,40.71942,-74.05099,403,763,403,622,Jun
Jackson Square,40.71113,-74.0789,215,1423,225,1672,Jun
5 Corners Library,40.73496102,-74.05950308,221,930,172,1061,Jun
Grand St,40.71517768,-74.03768331,632,990,645,1041,Jun
Lafayette Park,40.71346383,-74.06285852,361,1048,388,1343,Jun
Communipaw & Berry Lane,40.71435837,-74.06661093,262,1643.5,277,1468,Jun
Fairmount Ave,40.72572614,-74.07195926,279,731,263,671,Jun
Brunswick & 6th,40.72601173,-74.05038893,409,645,418,582,Jun
Leonard Gordon Park,40.74590997,-74.05727148,176,1184,163,1380,Jun
Jackson Square,40.71113,-74.0789,218,1180.5,218,1407,Jul
Hoboken Ave at Monmouth St,40.73520838,-74.04696375,555,1117,549,1217,Jul
Columbus Dr at Exchange Pl,40.71687,-74.03281,1467,992,1525,1072,Jul
Glenwood Ave,40.72755147,-74.07106072,196,658.5,193,988,Jul
Union St,40.7182113,-74.0836394,260,1378.5,264,1475,Jul
Marin Light Rail,40.71458404,-74.04281706,1612,846.5,1631,804,Jul
Hilltop,40.7311689,-74.0575736,364,704.5,300,799.5,Jul
Grove St PATH,40.71958612,-74.04311746,2210,464.5,2450,457,Jul
Jersey & 6th St,40.72528911,-74.04557168,564,379,563,443,Jul
Harborside,40.7192517,-74.034234,1423,898,1422,818,Jul
Lincoln Park,40.7246051,-74.07840595,907,1471,940,1536,Jul
Sip Ave,40.7308971,-74.06391263,1433,524,1262,454,Jul
Lafayette Park,40.71346383,-74.06285852,509,1064,535,1118,Jul
Dixon Mills,40.72163014,-74.04996783,485,424,483,452,Jul
Oakland Ave,40.7376037,-74.0524783,297,804,200,1012,Jul
Montgomery St,40.71942,-74.05099,418,669.5,414,565.5,Jul
Hamilton Park,40.72759597,-74.04424731,1761,674,1776,625.5,Jul
Leonard Gordon Park,40.74590997,-74.05727148,153,929,148,1178,Jul
Fairmount Ave,40.72572614,-74.07195926,320,625,272,509,Jul
Newport Pkwy,40.7287448,-74.0321082,2679,1204,2694,1282.5,Jul
Morris Canal,40.71241882,-74.03852552,1079,1045,1089,946,Jul
Bergen Ave,40.72210379,-74.071455,392,472,372,448,Jul
Baldwin at Montgomery,40.7236589,-74.0641943,573,663,571,712,Jul
JC Medical Center,40.71653978,-74.04963791,1398,983,1427,1159,Jul
Warren St,40.7211236,-74.03805095,1030,667,1037,642,Jul
Riverview Park,40.7443187,-74.0439909,199,1080,198,1236,Jul
Van Vorst Park,40.71848892,-74.04772663,804,649,829,669,Jul
Essex Light Rail,40.7127742,-74.0364857,535,672,557,738,Jul
Newark Ave,40.72152515,-74.04630454,968,597,970,529,Jul
Washington St,40.7242941,-74.0354826,988,1176,986,1005.5,Jul
Pershing Field,40.74267714,-74.05178863,371,1182,367,1277,Jul
Jersey & 3rd,40.72333159,-74.04595256,622,424.5,629,473,Jul
Columbus Drive,40.7183552,-74.03891444,815,831,802,783,Jul
York St,40.71649,-74.04105,391,623,390,693,Jul
Monmouth and 6th,40.72568548,-74.04879034,350,465.5,357,444,Jul
Heights Elevator,40.74871595,-74.0404433,369,1390,357,1559,Jul
Liberty Light Rail,40.7112423,-74.0557013,2322,1921.5,2346,1928.5,Jul
Dey St,40.737711,-74.066921,175,1101,172,925,Jul
City Hall,40.7177325,-74.043845,1106,727.5,1176,592.5,Jul
McGinley Square,40.72533993,-74.06762213,582,416,400,393.5,Jul
Paulus Hook,40.7141454,-74.0335519,1069,1268,1078,1280,Jul
Brunswick St,40.7241765,-74.0506564,497,634,507,534,Jul
Grand St,40.71517768,-74.03768331,499,714,513,790,Jul
Communipaw & Berry Lane,40.71435837,-74.06661093,298,1346.5,310,1187,Jul
Astor Place,40.7192822,-74.07126188,411,599,393,596,Jul
Christ Hospital,40.73478582,-74.05044364,139,621,115,603,Jul
Brunswick & 6th,40.72601173,-74.05038893,441,539,445,487,Jul
Newport PATH,40.7272235,-74.0337589,1417,891,1418,824,Jul
Manila & 1st,40.72165072,-74.04288411,555,576,554,599,Jul
5 Corners Library,40.73496102,-74.05950308,195,894,197,1006,Jul
Journal Square,40.73367,-74.0625,258,672,246,781,Jul
City Hall,40.7177325,-74.043845,1112,606,1185,577,Aug
Grove St PATH,40.71958612,-74.04311746,2581,447,2836,449,Aug
Heights Elevator,40.74871595,-74.0404433,440,1256.5,422,1563.5,Aug
Paulus Hook,40.7141454,-74.0335519,1101,1060,1123,1191,Aug
Columbus Drive,40.7183552,-74.03891444,935,696,939,616,Aug
Washington St,40.7242941,-74.0354826,1224,1014.5,1227,1037,Aug
Harborside,40.7192517,-74.034234,1566,729.5,1557,698,Aug
Newark Ave,40.72152515,-74.04630454,889,589,924,541,Aug
Marin Light Rail,40.71458404,-74.04281706,1894,799.5,1928,779,Aug
Columbus Dr at Exchange Pl,40.71687,-74.03281,1695,891,1688,919.5,Aug
Lincoln Park,40.7246051,-74.07840595,753,1416,832,1414,Aug
JC Medical Center,40.71653978,-74.04963791,1657,1062,1723,1232,Aug
Hilltop,40.7311689,-74.0575736,460,775.5,346,836,Aug
Jersey & 6th St,40.72528911,-74.04557168,593,384,611,397,Aug
Jackson Square,40.71113,-74.0789,177,1204,203,1087,Aug
Riverview Park,40.7443187,-74.0439909,280,1092.5,249,1379,Aug
Hoboken Ave at Monmouth St,40.73520838,-74.04696375,567,1081,579,1116,Aug
Sip Ave,40.7308971,-74.06391263,1624,511.5,1435,433,Aug
Essex Light Rail,40.7127742,-74.0364857,498,677,522,687,Aug
Newport PATH,40.7272235,-74.0337589,1660,843,1690,838.5,Aug
Monmouth and 6th,40.72568548,-74.04879034,480,502.5,478,472,Aug
Pershing Field,40.74267714,-74.05178863,496,1005,488,1180.5,Aug
McGinley Square,40.72533993,-74.06762213,636,392.5,462,381,Aug
Warren St,40.7211236,-74.03805095,1216,629.5,1227,699,Aug
Brunswick St,40.7241765,-74.0506564,650,581,637,564,Aug
Fairmount Ave,40.72572614,-74.07195926,326,601,260,536,Aug
Bergen Ave,40.72210379,-74.071455,474,464.5,429,429,Aug
Baldwin at Montgomery,40.7236589,-74.0641943,668,676.5,625,763,Aug
Hamilton Park,40.72759597,-74.04424731,1749,634,1804,594,Aug
Newport Pkwy,40.7287448,-74.0321082,3050,1168.5,3052,1212,Aug
Glenwood Ave,40.72755147,-74.07106072,249,865,243,972,Aug
Leonard Gordon Park,40.74590997,-74.05727148,173,938,155,1138,Aug
Union St,40.7182113,-74.0836394,211,1024,239,1108,Aug
Dey St,40.737711,-74.066921,230,1025,228,932.5,Aug
Morris Canal,40.71241882,-74.03852552,1332,1062.5,1330,1009,Aug
Montgomery St,40.71942,-74.05099,477,624,494,669,Aug
Liberty Light Rail,40.7112423,-74.0557013,2397,2003,2426,1989,Aug
Manila & 1st,40.72165072,-74.04288411,566,479,578,512,Aug
Brunswick & 6th,40.72601173,-74.05038893,530,548,558,496,Aug
Jersey & 3rd,40.72333159,-74.04595256,730,398,731,452,Aug
York St,40.71649,-74.04105,447,711,440,652,Aug
Dixon Mills,40.72163014,-74.04996783,582,439.5,582,436,Aug
Van Vorst Park,40.71848892,-74.04772663,966,659,972,719.5,Aug
5 Corners Library,40.73496102,-74.05950308,223,865,207,952,Aug
Lafayette Park,40.71346383,-74.06285852,489,874,550,838.5,Aug
Oakland Ave,40.7376037,-74.0524783,309,719,200,826.5,Aug
Astor Place,40.7192822,-74.07126188,439,567,434,713,Aug
Grand St,40.71517768,-74.03768331,558,617,591,640,Aug
Communipaw & Berry Lane,40.71435837,-74.06661093,345,1284,385,1092,Aug
Journal Square,40.73367,-74.0625,366,674.5,255,596,Aug
Christ Hospital,40.73478582,-74.05044364,197,682,158,871,Aug
Grove St PATH,40.71958612,-74.04311746,3664,360.5,4009,383,Sep
Journal Square,40.73367,-74.0625,434,626,364,589.5,Sep
Union St,40.7182113,-74.0836394,236,1246,243,1272,Sep
Hamilton Park,40.72759597,-74.04424731,2143,561,2260,565,Sep
McGinley Square,40.72533993,-74.06762213,936,420,664,386.5,Sep
Baldwin at Montgomery,40.7236589,-74.0641943,806,614,758,689,Sep
Christ Hospital,40.73478582,-74.05044364,218,626,185,723,Sep
Newport Pkwy,40.7287448,-74.0321082,3371,974,3396,1065,Sep
Jersey & 3rd,40.72333159,-74.04595256,880,314.5,905,381,Sep
Astor Place,40.7192822,-74.07126188,529,535,525,556,Sep
Dixon Mills,40.72163014,-74.04996783,725,391,711,382,Sep
Essex Light Rail,40.7127742,-74.0364857,740,638.5,740,654.5,Sep
Marin Light Rail,40.71458404,-74.04281706,2276,621,2275,667,Sep
Warren St,40.7211236,-74.03805095,1592,480.5,1596,486,Sep
Fairmount Ave,40.72572614,-74.07195926,554,532.5,428,428.5,Sep
Lincoln Park,40.7246051,-74.07840595,1045,1402,1060,1494,Sep
Lafayette Park,40.71346383,-74.06285852,631,695,675,737,Sep
Columbus Drive,40.7183552,-74.03891444,1085,585,1099,501,Sep
Monmouth and 6th,40.72568548,-74.04879034,732,404,743,432,Sep
JC Medical Center,40.71653978,-74.04963791,1853,877,1896,1012,Sep
Washington St,40.7242941,-74.0354826,1557,877,1584,848.5,Sep
Jersey & 6th St,40.72528911,-74.04557168,851,369,865,420,Sep
Morris Canal,40.71241882,-74.03852552,1521,748,1528,769.5,Sep
Newport PATH,40.7272235,-74.0337589,2295,623,2349,651,Sep
Liberty Light Rail,40.7112423,-74.0557013,2701,1547,2710,1700.5,Sep
Sip Ave,40.7308971,-74.06391263,1971,476,1836,431,Sep
Van Vorst Park,40.71848892,-74.04772663,1205,584,1222,586,Sep
Glenwood Ave,40.72755147,-74.07106072,342,763.5,309,917,Sep
Brunswick St,40.7241765,-74.0506564,864,516,870,480.5,Sep
Brunswick & 6th,40.72601173,-74.05038893,766,496,767,485,Sep
City Hall,40.7177325,-74.043845,1540,582,1668,543.5,Sep
Pershing Field,40.74267714,-74.05178863,502,888.5,458,1111.5,Sep
Columbus Dr at Exchange Pl,40.71687,-74.03281,2001,691,2073,671,Sep
Communipaw & Berry Lane,40.71435837,-74.06661093,410,843.5,443,840,Sep
Hilltop,40.7311689,-74.0575736,621,697,432,796.5,Sep
Harborside,40.7192517,-74.034234,1943,614,1942,567,Sep
Paulus Hook,40.7141454,-74.0335519,1110,728,1164,707,Sep
Bergen Ave,40.72210379,-74.071455,493,486,400,424,Sep
Grand St,40.71517768,-74.03768331,858,547,869,587,Sep
Heights Elevator,40.74871595,-74.0404433,523,1135,512,1273,Sep
York St,40.71649,-74.04105,555,554,572,584,Sep
Newark Ave,40.72152515,-74.04630454,1175,452,1250,502,Sep
Montgomery St,40.71942,-74.05099,670,638,672,590,Sep
Hoboken Ave at Monmouth St,40.73520838,-74.04696375,620,933.5,628,935,Sep
Manila & 1st,40.72165072,-74.04288411,656,438.5,733,445,Sep
Dey St,40.737711,-74.066921,278,784.5,283,599,Sep
Oakland Ave,40.7376037,-74.0524783,366,641.5,245,876,Sep
Jackson Square,40.71113,-74.0789,199,976,193,1029,Sep
5 Corners Library,40.73496102,-74.05950308,324,792,290,834,Sep
Riverview Park,40.7443187,-74.0439909,310,998.5,274,1114.5,Sep
Leonard Gordon Park,40.74590997,-74.05727148,156,896.5,126,1130.5,Sep
Grove St PATH,40.71958612,-74.04311746,2146,318,2352,357,Oct
Manila & 1st,40.72165072,-74.04288411,416,367.5,424,393.5,Oct
Newport Pkwy,40.7287448,-74.0321082,1829,930,1837,909,Oct
Sip Ave,40.7308971,-74.06391263,1216,469.5,1067,419,Oct
Washington St,40.7242941,-74.0354826,824,633,838,644.5,Oct
Pershing Field,40.74267714,-74.05178863,256,778.5,243,1007,Oct
JC Medical Center,40.71653978,-74.04963791,1095,679,1063,887,Oct
Warren St,40.7211236,-74.03805095,945,455,968,417,Oct
Hilltop,40.7311689,-74.0575736,308,658.5,233,800,Oct
Astor Place,40.7192822,-74.07126188,291,544,292,503.5,Oct
Union St,40.7182113,-74.0836394,113,1271,116,1450,Oct
Heights Elevator,40.74871595,-74.0404433,311,1058,282,1205.5,Oct
Harborside,40.7192517,-74.034234,985,472,998,458,Oct
Communipaw & Berry Lane,40.71435837,-74.06661093,240,789.5,248,808,Oct
Liberty Light Rail,40.7112423,-74.0557013,1303,1124,1306,1317,Oct
Morris Canal,40.71241882,-74.03852552,851,605,850,679,Oct
Bergen Ave,40.72210379,-74.071455,302,444.5,252,428,Oct
Jersey & 6th St,40.72528911,-74.04557168,465,349,486,358,Oct
Oakland Ave,40.7376037,-74.0524783,179,471,123,641,Oct
Jackson Square,40.71113,-74.0789,114,872.5,126,909.5,Oct
Fairmount Ave,40.72572614,-74.07195926,358,542,315,444,Oct
Baldwin at Montgomery,40.7236589,-74.0641943,494,604,445,658,Oct
Hamilton Park,40.72759597,-74.04424731,1285,539,1338,519.5,Oct
McGinley Square,40.72533993,-74.06762213,526,359,377,372,Oct
Brunswick St,40.7241765,-74.0506564,494,451,496,462.5,Oct
Montgomery St,40.71942,-74.05099,358,618,363,565,Oct
Marin Light Rail,40.71458404,-74.04281706,1131,499,1148,561,Oct
Essex Light Rail,40.7127742,-74.0364857,464,545,469,588,Oct
Dixon Mills,40.72163014,-74.04996783,437,411,443,443,Oct
Brunswick & 6th,40.72601173,-74.05038893,468,429.5,482,442.5,Oct
Lafayette Park,40.71346383,-74.06285852,367,654,396,700.5,Oct
Van Vorst Park,40.71848892,-74.04772663,650,526.5,691,559,Oct
Jersey & 3rd,40.72333159,-74.04595256,479,295,493,384,Oct
Newport PATH,40.7272235,-74.0337589,1416,549,1441,559,Oct
Christ Hospital,40.73478582,-74.05044364,151,594,132,696,Oct
Monmouth and 6th,40.72568548,-74.04879034,448,391.5,455,389,Oct
Columbus Dr at Exchange Pl,40.71687,-74.03281,1017,572,1045,558,Oct
Paulus Hook,40.7141454,-74.0335519,640,617,668,626,Oct
Newark Ave,40.72152515,-74.04630454,654,473.5,691,478,Oct
Glenwood Ave,40.72755147,-74.07106072,169,706,149,808,Oct
Lincoln Park,40.7246051,-74.07840595,381,1084,394,1069.5,Oct
Dey St,40.737711,-74.066921,140,563.5,137,403,Oct
Columbus Drive,40.7183552,-74.03891444,679,437,680,446.5,Oct
Journal Square,40.73367,-74.0625,235,540,195,415,Oct
Leonard Gordon Park,40.74590997,-74.05727148,88,962,89,723,Oct
City Hall,40.7177325,-74.043845,910,535.5,994,509,Oct
York St,40.71649,-74.04105,294,493,309,524,Oct
Grand St,40.71517768,-74.03768331,517,508,513,533,Oct
Hoboken Ave at Monmouth St,40.73520838,-74.04696375,277,969,298,868.5,Oct
5 Corners Library,40.73496102,-74.05950308,187,780,157,821,Oct
Riverview Park,40.7443187,-74.0439909,183,973,151,1176,Oct
Columbus Drive,40.7183552,-74.03891444,483,422,477,421,Nov
Grand St,40.71517768,-74.03768331,431,512,412,532.5,Nov
Hamilton Park,40.72759597,-74.04424731,858,516,906,473,Nov
Lafayette Park,40.71346383,-74.06285852,268,634.5,277,648,Nov
City Hall,40.7177325,-74.043845,663,509,712,511,Nov
Bergen Ave,40.72210379,-74.071455,218,491.5,207,527,Nov
Newport PATH,40.7272235,-74.0337589,952,552.5,970,551,Nov
Hilltop,40.7311689,-74.0575736,134,622.5,121,698,Nov
McGinley Square,40.72533993,-74.06762213,348,338.5,302,362.5,Nov
Manila & 1st,40.72165072,-74.04288411,374,402,411,413,Nov
Van Vorst Park,40.71848892,-74.04772663,494,457.5,516,575,Nov
Washington St,40.7242941,-74.0354826,601,623,645,672,Nov
Jackson Square,40.71113,-74.0789,105,1035,105,1148,Nov
Newport Pkwy,40.7287448,-74.0321082,1240,857,1246,882.5,Nov
Marin Light Rail,40.71458404,-74.04281706,916,584.5,900,605.5,Nov
Columbus Dr at Exchange Pl,40.71687,-74.03281,617,643,627,652,Nov
JC Medical Center,40.71653978,-74.04963791,773,723,789,876,Nov
Essex Light Rail,40.7127742,-74.0364857,265,580,273,565,Nov
Lincoln Park,40.7246051,-74.07840595,225,1022,209,1021,Nov
Fairmount Ave,40.72572614,-74.07195926,261,517,208,430,Nov
Newark Ave,40.72152515,-74.04630454,444,391,460,409,Nov
Baldwin at Montgomery,40.7236589,-74.0641943,344,539.5,328,627,Nov
Sip Ave,40.7308971,-74.06391263,882,473,779,412,Nov
5 Corners Library,40.73496102,-74.05950308,104,736,83,910,Nov
Brunswick St,40.7241765,-74.0506564,464,388,454,426.5,Nov
Liberty Light Rail,40.7112423,-74.0557013,983,1391,996,1435.5,Nov
Warren St,40.7211236,-74.03805095,645,466,643,411,Nov
Jersey & 6th St,40.72528911,-74.04557168,388,352,389,398,Nov
Morris Canal,40.71241882,-74.03852552,559,643,552,677.5,Nov
Paulus Hook,40.7141454,-74.0335519,477,632,505,612,Nov
Pershing Field,40.74267714,-74.05178863,179,748,173,992,Nov
Astor Place,40.7192822,-74.07126188,214,563,214,600.5,Nov
Jersey & 3rd,40.72333159,-74.04595256,388,313.5,403,406,Nov
Dixon Mills,40.72163014,-74.04996783,250,397.5,252,437.5,Nov
Montgomery St,40.71942,-74.05099,270,491.5,273,543,Nov
York St,40.71649,-74.04105,241,502,248,459.5,Nov
Brunswick & 6th,40.72601173,-74.05038893,366,430,358,385,Nov
Heights Elevator,40.74871595,-74.0404433,173,1070,166,1219.5,Nov
Riverview Park,40.7443187,-74.0439909,104,972,91,1146,Nov
Communipaw & Berry Lane,40.71435837,-74.06661093,162,750,167,800,Nov
Journal Square,40.73367,-74.0625,129,532,124,487.5,Nov
Monmouth and 6th,40.72568548,-74.04879034,309,390,306,389,Nov
Glenwood Ave,40.72755147,-74.07106072,119,635,110,903.5,Nov
Hoboken Ave at Monmouth St,40.73520838,-74.04696375,231,963,199,1011,Nov
Oakland Ave,40.7376037,-74.0524783,116,547,84,541,Nov
Christ Hospital,40.73478582,-74.05044364,91,648,77,561,Nov
Harborside,40.7192517,-74.034234,654,447.5,646,456,Nov
Grove St PATH,40.71958612,-74.04311746,1582,359,1707,359,Nov
Dey St,40.737711,-74.066921,73,766,74,551.5,Nov
Leonard Gordon Park,40.74590997,-74.05727148,32,876,24,851.5,Nov
Union St,40.7182113,-74.0836394,76,1191,61,1244,Nov
Newport PATH,40.7272235,-74.0337589,355,481,373,426,Dec
Journal Square,40.73367,-74.0625,134,514.5,110,502.5,Dec
Grove St PATH,40.71958612,-74.04311746,776,323.5,933,312,Dec
Christ Hospital,40.73478582,-74.05044364,64,567,46,630.5,Dec
McGinley Square,40.72533993,-74.06762213,222,306,203,334,Dec
Paulus Hook,40.7141454,-74.0335519,227,615,219,564,Dec
Newport Pkwy,40.7287448,-74.0321082,721,781,743,753,Dec
Fairmount Ave,40.72572614,-74.07195926,215,428,153,393,Dec
Bergen Ave,40.72210379,-74.071455,121,534,115,500,Dec
Hilltop,40.7311689,-74.0575736,112,629.5,80,693.5,Dec
Sip Ave,40.7308971,-74.06391263,607,438,511,393,Dec
Jersey & 6th St,40.72528911,-74.04557168,235,289,220,340.5,Dec
Dixon Mills,40.72163014,-74.04996783,176,348.5,147,383,Dec
Hamilton Park,40.72759597,-74.04424731,445,455,456,480.5,Dec
Warren St,40.7211236,-74.03805095,385,405,411,405,Dec
Grand St,40.71517768,-74.03768331,218,458.5,223,555,Dec
Glenwood Ave,40.72755147,-74.07106072,96,893,85,1011,Dec
Morris Canal,40.71241882,-74.03852552,315,520,308,561,Dec
Lafayette Park,40.71346383,-74.06285852,152,561,162,644.5,Dec
Monmouth and 6th,40.72568548,-74.04879034,131,386,120,465.5,Dec
Brunswick & 6th,40.72601173,-74.05038893,239,406,218,383.5,Dec
Marin Light Rail,40.71458404,-74.04281706,489,457,475,504,Dec
Brunswick St,40.7241765,-74.0506564,284,331,263,367,Dec
Van Vorst Park,40.71848892,-74.04772663,232,421.5,247,468,Dec
JC Medical Center,40.71653978,-74.04963791,374,458.5,396,522.5,Dec
Essex Light Rail,40.7127742,-74.0364857,154,486.5,154,474,Dec
Columbus Drive,40.7183552,-74.03891444,256,412,274,401.5,Dec
Washington St,40.7242941,-74.0354826,350,501,400,543.5,Dec
Dey St,40.737711,-74.066921,39,452,49,268,Dec
Liberty Light Rail,40.7112423,-74.0557013,300,825.5,314,803.5,Dec
Lincoln Park,40.7246051,-74.07840595,98,753.5,94,770.5,Dec
Manila & 1st,40.72165072,-74.04288411,246,322,263,333,Dec
Astor Place,40.7192822,-74.07126188,150,562,147,572,Dec
Columbus Dr at Exchange Pl,40.71687,-74.03281,343,448,357,398,Dec
Jersey & 3rd,40.72333159,-74.04595256,254,304.5,263,350,Dec
Harborside,40.7192517,-74.034234,391,405,379,449,Dec
Newark Ave,40.72152515,-74.04630454,232,339.5,253,419,Dec
Pershing Field,40.74267714,-74.05178863,158,813,127,902,Dec
Baldwin at Montgomery,40.7236589,-74.0641943,232,624,227,497,Dec
Union St,40.7182113,-74.0836394,32,1149.5,37,1300,Dec
5 Corners Library,40.73496102,-74.05950308,52,595,25,801,Dec
City Hall,40.7177325,-74.043845,352,440,394,442.5,Dec
Leonard Gordon Park,40.74590997,-74.05727148,16,587,17,549,Dec
Hoboken Ave at Monmouth St,40.73520838,-74.04696375,98,968.5,99,838,Dec
York St,40.71649,-74.04105,112,478,139,455,Dec
Oakland Ave,40.7376037,-74.0524783,83,416,51,486,Dec
Montgomery St,40.71942,-74.05099,142,615,152,573.5,Dec
Jackson Square,40.71113,-74.0789,46,1130,48,1392.5,Dec
Communipaw & Berry Lane,40.71435837,-74.06661093,78,654,80,786.5,Dec
Riverview Park,40.7443187,-74.0439909,70,1025.5,60,831.5,Dec
Heights Elevator,40.74871595,-74.0404433,85,1136,66,1221,Dec
